<?xml version="1.0" encoding="UTF-8"?>
<beans xmlns="http://www.springframework.org/schema/beans"
	xmlns:xsi="http://www.w3.org/2001/XMLSchema-instance"
	xmlns:context="http://www.springframework.org/schema/context"
	xmlns:jdbc="http://www.springframework.org/schema/jdbc"
	xmlns:mybatis-spring="http://mybatis.org/schema/mybatis-spring"
	xmlns:aop="http://www.springframework.org/schema/aop"
	xsi:schemaLocation="http://www.springframework.org/schema/jdbc http://www.springframework.org/schema/jdbc/spring-jdbc-4.3.xsd
		http://mybatis.org/schema/mybatis-spring http://mybatis.org/schema/mybatis-spring-1.2.xsd
		http://www.springframework.org/schema/beans https://www.springframework.org/schema/beans/spring-beans.xsd
		http://www.springframework.org/schema/context http://www.springframework.org/schema/context/spring-context-4.3.xsd
		http://www.springframework.org/schema/aop http://www.springframework.org/schema/aop/spring-aop-4.3.xsd">
	
	<!-- Root Context: defines shared resources visible to all other web components -->
	
	<!-- 방법3. mysql - HicariCP 컨텍션 풀 및 log4jdbc라이브러리 사용할 경우 -->	
	<!-- 주의: log4jdbc.log4j2.properties 파일을 scr/main/resources폴더에 생성해야함. -->
	<bean id="hikariConfig_mysql"  class="com.zaxxer.hikari.HikariConfig">
		<property name="driverClassName" value="net.sf.log4jdbc.sql.jdbcapi.DriverSpy" />
		<property name="jdbcUrl" value="jdbc:log4jdbc:mysql://127.0.0.1:3306/web?useSSL=false&amp;serverTimezone=UTC"/>
		<property name="username" value="root" />
		<property name="password" value="@zxc3226659@"></property>
	</bean>
	
	<!--  HikariCP configuration -->
	<bean id="dataSource_mysql_final"  class="com.zaxxer.hikari.HikariDataSource" destroy-method="close">
		<constructor-arg ref="hikariConfig_mysql"></constructor-arg>
	</bean>	
	
	<!-- MyBatis 관련 설정은 데이터베이스 공용으로 사용 : datasource는 ref="데이터소스id" 설정에 따라 결정됨. -->
	<!-- mybatis SqlSessionFactoryBean 객체 주입 : ref값은 id값을 지칭 -->
	<bean id="sqlSessionFactory" 				class="org.mybatis.spring.SqlSessionFactoryBean">
		<!-- mysql dataSource 연결 -->
		<!-- <property name="dataSource"  			ref="dataSource_mysql_final" /> -->  
		<property name="dataSource"  			ref="dataSource_oracle_final" />
		
		<property name="configLocation" 		value="classpath:/mybatis-config.xml" />
		<!-- <property name="mapperLocations" 	value="classpath:/mappers/**/*.xml" />  -->
		<property name="mapperLocations" >
			<list>
				<value>classpath:/mappers/**/*Mapper.xml</value>
			</list>
		</property>
	</bean>
	<bean 	id="sqlSession" class="org.mybatis.spring.SqlSessionTemplate" destroy-method="clearCache">
		<constructor-arg name="sqlSessionFactory" ref="sqlSessionFactory" />
	</bean> 
	
	
	<mybatis-spring:scan base-package="com.example.ex01"/>
	<!-- <context:component-scan base-package="com.example.ex01"></context:component-scan> --> 
	
	
	
	
	
	<!--  오라클 연결 방식 -->
	<bean id="hikariConfig_oracle"  class="com.zaxxer.hikari.HikariConfig">
		<property name="driverClassName" value="net.sf.log4jdbc.sql.jdbcapi.DriverSpy" />
		<property name="jdbcUrl" value="jdbc:log4jdbc:oracle:thin:@//localhost:1521/xe"/>
		<property name="username" value="web" />
		<property name="password" value="tiger"></property>
	</bean>
	<!--  HikariCP configuration -->
	<bean id="dataSource_oracle_final"  class="com.zaxxer.hikari.HikariDataSource" destroy-method="close">
		<constructor-arg ref= "hikariConfig_oracle"></constructor-arg>
	</bean>		
</beans>
