<!DOCTYPE mapper
  PUBLIC "-//mybatis.org//DTD Mapper 3.0//EN"
  "http://mybatis.org/dtd/mybatis-3-mapper.dtd">

<mapper namespace="member">

	<select id="list" resultType="memberDTO">
		select *
		from 	
				member
		order by name
	</select>
	<select id="insert">
		insert 
			into member (userid, passwd, name, email)
			values (#{userid}, #{passwd}, #{name},#{email} )
	</select>
	<select id="detail" resultType="memberDTO">
		select *
			from member
			where userid = #{userid}
	</select>
	<delete id="delete">
		delete from member where userid = #{userid}
	</delete>
	<update id="update">
		update member
			set
				name = #{name}, passwd = #{passwd}, email = #{email}
			where 
				userid = #{userid}
	</update>
	<select id="check_passwd" resultType="int">
		select count(*)
			from member
			where 
				userid = #{userid} and passwd = #{passwd}
	</select>
	
	<!-- 로그인 체크 -->
     <select id="loginCheck" resultType="String">
         select name 
         from 
             member
         where 
             userid = #{userid} and passwd = #{passwd}
     </select>
	
	
</mapper>