<!DOCTYPE mapper
  PUBLIC "-//mybatis.org//DTD Mapper 3.0//EN"
  "http://mybatis.org/dtd/mybatis-3-mapper.dtd">

<mapper namespace="cart">
	<!-- 장바구니 담기 -->
	<!-- id 값은 CartDAO  -->
	<insert id="insert">
		insert into
			cart (cart_id, userid, product_id, amount)
		values (SEQ_CART.nextval, #{userid}, #{product_id}, #{amount})
	</insert>
	
	<!-- 개별 장바구니 목록 : 주의 CartDTO이 있는 user_name, price, money과 일치하기 위해
          name-> user_name, product_price-> price, (product_priceamount) -> money으로 별칭 붙였음. -->
      <select id="listCart" resultType="CartDTO">
          select 
              cart_id, p.product_id, c.userid, name as user_name, product_name, amount,  product_price as price , (product_priceamount) as money
        from
            member m, product p, cart c
        where 
            c.userid = m.userid and c.product_id = p.product_id and c.userid = #{userid}
        order by
            cart_id
      </select>
      <select id="listAllCart" resultType="CartDTO">
          select 
              cart_id, p.product_id, c.userid, name as user_name, product_name, amount,  product_price as price , (product_priceamount) as money
        from
            member m, product p, cart c
        where 
            c.userid = m.userid and c.product_id = p.product_id and c.userid = #{userid}
        order by
            cart_id
      </select>

      <!-- 장바구니 합계 -->
      <select id="sumMoney" resultType="int">
          select 
              nvl(sum(product_price*amount),0)
          from 
              cart c, product p
          where 
              c.product_id = p.product_id and userid = #{userid}
      </select>

      <!-- 장바구니 개별 상품 삭제 -->
      <delete id="delete">
          delete 
          from 
              cart
          where 
              cart_id = #{cart_id}
      </delete>
      <!-- 장바구니 바우기 -->
      <delete id="deleteAll">
          delete
          from 
              cart
          where
              userid = #{userid}
      </delete>
      <!-- 장바구나 상품별 수정 -->
      <update id="modifyCart">
          update 
              cart
          set
              amount =#{amount}
          where cart_id = #{cart_id}
      </update>

      <!--  상품별 금액 리스트 -->
      <select id="cartMoney"  resultType="CartDTO" >
        select 
            product_name, sum(product_price * amount) money
        from
            cart c, product p
        where 
            c.product_id = p.product_id
        GROUP BY
            product_name
        ORDER BY 
            product_name
      </select >
      
      <select id="countCart" resultType="int">
      	select
      		count(*)
      	from
      		cart c
      	where
      		c.product_id = #{product_id} and
      		c.userid = #{userid}
      </select>
</mapper>